Kachelname,Aktualitaet,Erfassungsmethode,Fortfuehrung,Fortfuehrungsmethode,Aufloesung,Koordinatenreferenzsystem_Lage,Koordinatenreferenzsystem_Hoehe,Hoehenanomalie,Unnamed: 9
3dm_32_352_5693_1_nw,2020-03,5020,2020-03,5020,"4,00",ETRS89_UTM32,DE_DHHN2016_NH,DE_AdV_GCG2016_QGH,
3dm_32_372_5631_1_nw,2022-02,5020,2022-02,5020,"4,00",ETRS89_UTM32,DE_DHHN2016_NH,DE_AdV_GCG2016_QGH,
3dm_32_354_5616_1_nw,2021-12,5020,2021-12,5020,"4,00",ETRS89_UTM32,DE_DHHN2016_NH,DE_AdV_GCG2016_QGH,
3dm_32_379_5692_1_nw,2019-12,5020,2019-12,5020,"4,00",ETRS89_UTM32,DE_DHHN2016_NH,DE_AdV_GCG2016_QGH,
3dm_32_348_5715_1_nw,2020-03,5020,2020-03,5020,"4,00",ETRS89_UTM32,DE_DHHN2016_NH,DE_AdV_GCG2016_QGH,
3dm_32_490_5749_1_nw,2019-02,5020,2019-02,5020,"4,00",ETRS89_UTM32,DE_DHHN2016_NH,DE_AdV_GCG2016_QGH,
3dm_32_483_5745_1_nw,2019-02,5020,2019-02,5020,"4,00",ETRS89_UTM32,DE_DHHN2016_NH,DE_AdV_GCG2016_QGH,
3dm_32_357_5689_1_nw,2020-11,5020,2020-11,5020,"4,00",ETRS89_UTM32,DE_DHHN2016_NH,DE_AdV_GCG2016_QGH,
3dm_32_484_5752_1_nw,2019-02,5020,2019-02,5020,"4,00",ETRS89_UTM32,DE_DHHN2016_NH,DE_AdV_GCG2016_QGH,
3dm_32_361_5728_1_nw,2019-12,5020,2019-12,5020,"4,00",ETRS89_UTM32,DE_DHHN2016_NH,DE_AdV_GCG2016_QGH,
3dm_32_301_5651_1_nw,2022-02,5020,2022-02,5020,"4,00",ETRS89_UTM32,DE_DHHN2016_NH,DE_AdV_GCG2016_QGH,
3dm_32_367_5692_1_nw,2020-03,5020,2020-03,5020,"4,00",ETRS89_UTM32,DE_DHHN2016_NH,DE_AdV_GCG2016_QGH,
3dm_32_420_5731_1_nw,2019-12,5020,2019-12,5020,"4,00",ETRS89_UTM32,DE_DHHN2016_NH,DE_AdV_GCG2016_QGH,
3dm_32_471_5676_1_nw,2021-03,5020,2021-03,5020,"4,00",ETRS89_UTM32,DE_DHHN2016_NH,DE_AdV_GCG2016_QGH,
3dm_32_353_5776_1_nw,2019-12,5020,2019-12,5020,"4,00",ETRS89_UTM32,DE_DHHN2016_NH,DE_AdV_GCG2016_QGH,
3dm_32_393_5776_1_nw,2019-02,5020,2019-02,5020,"4,00",ETRS89_UTM32,DE_DHHN2016_NH,DE_AdV_GCG2016_QGH,
3dm_32_504_5809_1_nw,2019-02,5020,2019-02,5020,"4,00",ETRS89_UTM32,DE_DHHN2016_NH,DE_AdV_GCG2016_QGH,
3dm_32_507_5761_1_nw,2019-02,5020,2019-02,5020,"4,00",ETRS89_UTM32,DE_DHHN2016_NH,DE_AdV_GCG2016_QGH,
3dm_32_476_5767_1_nw,2019-02,5020,2019-02,5020,"4,00",ETRS89_UTM32,DE_DHHN2016_NH,DE_AdV_GCG2016_QGH,
3dm_32_390_5717_1_nw,2019-12,5020,2019-12,5020,"4,00",ETRS89_UTM32,DE_DHHN2016_NH,DE_AdV_GCG2016_QGH,
3dm_32_322_5716_1_nw,2020-03,5020,2020-03,5020,"4,00",ETRS89_UTM32,DE_DHHN2016_NH,DE_AdV_GCG2016_QGH,
3dm_32_470_5661_1_nw,2021-03,5020,2021-03,5020,"4,00",ETRS89_UTM32,DE_DHHN2016_NH,DE_AdV_GCG2016_QGH,
3dm_32_402_5724_1_nw,2019-12,5020,2019-12,5020,"4,00",ETRS89_UTM32,DE_DHHN2016_NH,DE_AdV_GCG2016_QGH,
3dm_32_491_5731_1_nw,2018-03,5020,2018-03,5020,"4,00",ETRS89_UTM32,DE_DHHN2016_NH,DE_AdV_GCG2016_QGH,
3dm_32_318_5692_1_nw,2020-03,5020,2020-03,5020,"4,00",ETRS89_UTM32,DE_DHHN2016_NH,DE_AdV_GCG2016_QGH,
3dm_32_479_5728_1_nw,2018-02,5020,2018-02,5020,"4,00",ETRS89_UTM32,DE_DHHN2016_NH,DE_AdV_GCG2016_QGH,
3dm_32_328_5621_1_nw,2022-02,5020,2022-02,5020,"4,00",ETRS89_UTM32,DE_DHHN2016_NH,DE_AdV_GCG2016_QGH,
3dm_32_339_5594_1_nw,2022-02,5020,2022-02,5020,"4,00",ETRS89_UTM32,DE_DHHN2016_NH,DE_AdV_GCG2016_QGH,
3dm_32_335_5746_1_nw,2020-01,5020,2020-01,5020,"4,00",ETRS89_UTM32,DE_DHHN2016_NH,DE_AdV_GCG2016_QGH,
3dm_32_445_5767_1_nw,2019-02,5020,2019-02,5020,"4,00",ETRS89_UTM32,DE_DHHN2016_NH,DE_AdV_GCG2016_QGH,
3dm_32_350_5742_1_nw,2019-12,5020,2019-12,5020,"4,00",ETRS89_UTM32,DE_DHHN2016_NH,DE_AdV_GCG2016_QGH,
3dm_32_322_5667_1_nw,2022-02,5020,2022-02,5020,"4,00",ETRS89_UTM32,DE_DHHN2016_NH,DE_AdV_GCG2016_QGH,
3dm_32_401_5744_1_nw,2018-12,5020,2018-12,5020,"4,00",ETRS89_UTM32,DE_DHHN2016_NH,DE_AdV_GCG2016_QGH,
3dm_32_421_5761_1_nw,2019-02,5020,2019-02,5020,"4,00",ETRS89_UTM32,DE_DHHN2016_NH,DE_AdV_GCG2016_QGH,
3dm_32_342_5749_1_nw,2020-01,5020,2020-01,5020,"4,00",ETRS89_UTM32,DE_DHHN2016_NH,DE_AdV_GCG2016_QGH,
3dm_32_322_5617_1_nw,2022-02,5020,2022-02,5020,"4,00",ETRS89_UTM32,DE_DHHN2016_NH,DE_AdV_GCG2016_QGH,
3dm_32_420_5751_1_nw,2019-01,5020,2019-01,5020,"4,00",ETRS89_UTM32,DE_DHHN2016_NH,DE_AdV_GCG2016_QGH,
3dm_32_319_5664_1_nw,2022-02,5020,2022-02,5020,"4,00",ETRS89_UTM32,DE_DHHN2016_NH,DE_AdV_GCG2016_QGH,
3dm_32_474_5708_1_nw,2018-02,5020,2018-02,5020,"4,00",ETRS89_UTM32,DE_DHHN2016_NH,DE_AdV_GCG2016_QGH,
3dm_32_312_5725_1_nw,2020-02,5020,2020-02,5020,"4,00",ETRS89_UTM32,DE_DHHN2016_NH,DE_AdV_GCG2016_QGH,
3dm_32_322_5614_1_nw,2022-02,5020,2022-02,5020,"4,00",ETRS89_UTM32,DE_DHHN2016_NH,DE_AdV_GCG2016_QGH,
3dm_32_336_5747_1_nw,2020-01,5020,2020-01,5020,"4,00",ETRS89_UTM32,DE_DHHN2016_NH,DE_AdV_GCG2016_QGH,
3dm_32_327_5598_1_nw,2021-12,5020,2021-12,5020,"4,00",ETRS89_UTM32,DE_DHHN2016_NH,DE_AdV_GCG2016_QGH,
3dm_32_424_5749_1_nw,2019-01,5020,2019-01,5020,"4,00",ETRS89_UTM32,DE_DHHN2016_NH,DE_AdV_GCG2016_QGH,
3dm_32_356_5652_1_nw,2022-02,5020,2022-02,5020,"4,00",ETRS89_UTM32,DE_DHHN2016_NH,DE_AdV_GCG2016_QGH,
3dm_32_346_5649_1_nw,2022-02,5020,2022-02,5020,"4,00",ETRS89_UTM32,DE_DHHN2016_NH,DE_AdV_GCG2016_QGH,
3dm_32_366_5753_1_nw,2019-12,5020,2019-12,5020,"4,00",ETRS89_UTM32,DE_DHHN2016_NH,DE_AdV_GCG2016_QGH,
3dm_32_317_5720_1_nw,2020-02,5020,2020-02,5020,"4,00",ETRS89_UTM32,DE_DHHN2016_NH,DE_AdV_GCG2016_QGH,
3dm_32_333_5597_1_nw,2022-02,5020,2022-02,5020,"4,00",ETRS89_UTM32,DE_DHHN2016_NH,DE_AdV_GCG2016_QGH,
3dm_32_395_5738_1_nw,2018-12,5020,2018-12,5020,"4,00",ETRS89_UTM32,DE_DHHN2016_NH,DE_AdV_GCG2016_QGH,
3dm_32_491_5735_1_nw,2018-03,5020,2018-03,5020,"4,00",ETRS89_UTM32,DE_DHHN2016_NH,DE_AdV_GCG2016_QGH,
3dm_32_370_5651_1_nw,2020-12,5020,2020-12,5020,"4,00",ETRS89_UTM32,DE_DHHN2016_NH,DE_AdV_GCG2016_QGH,
3dm_32_399_5704_1_nw,2019-12,5020,2019-12,5020,"4,00",ETRS89_UTM32,DE_DHHN2016_NH,DE_AdV_GCG2016_QGH,
3dm_32_464_5720_1_nw,2018-02,5020,2018-02,5020,"4,00",ETRS89_UTM32,DE_DHHN2016_NH,DE_AdV_GCG2016_QGH,
3dm_32_402_5746_1_nw,2018-12,5020,2018-12,5020,"4,00",ETRS89_UTM32,DE_DHHN2016_NH,DE_AdV_GCG2016_QGH,
3dm_32_479_5697_1_nw,2021-02,5020,2021-02,5020,"4,00",ETRS89_UTM32,DE_DHHN2016_NH,DE_AdV_GCG2016_QGH,
3dm_32_467_5694_1_nw,2021-03,5020,2021-03,5020,"4,00",ETRS89_UTM32,DE_DHHN2016_NH,DE_AdV_GCG2016_QGH,
3dm_32_415_5662_1_nw,2021-02,5020,2021-02,5020,"4,00",ETRS89_UTM32,DE_DHHN2016_NH,DE_AdV_GCG2016_QGH,
3dm_32_479_5768_1_nw,2019-02,5020,2019-02,5020,"4,00",ETRS89_UTM32,DE_DHHN2016_NH,DE_AdV_GCG2016_QGH,
3dm_32_431_5747_1_nw,2019-01,5020,2019-01,5020,"4,00",ETRS89_UTM32,DE_DHHN2016_NH,DE_AdV_GCG2016_QGH,
3dm_32_345_5718_1_nw,2020-02,5020,2020-02,5020,"4,00",ETRS89_UTM32,DE_DHHN2016_NH,DE_AdV_GCG2016_QGH,
3dm_32_350_5695_1_nw,2020-03,5020,2020-03,5020,"4,00",ETRS89_UTM32,DE_DHHN2016_NH,DE_AdV_GCG2016_QGH,
3dm_32_419_5708_1_nw,2019-12,5020,2019-12,5020,"4,00",ETRS89_UTM32,DE_DHHN2016_NH,DE_AdV_GCG2016_QGH,
3dm_32_347_5671_1_nw,2022-02,5020,2022-02,5020,"4,00",ETRS89_UTM32,DE_DHHN2016_NH,DE_AdV_GCG2016_QGH,
3dm_32_411_5733_1_nw,2018-11,5020,2018-11,5020,"4,00",ETRS89_UTM32,DE_DHHN2016_NH,DE_AdV_GCG2016_QGH,
3dm_32_524_5747_1_nw,2018-03,5020,2018-03,5020,"4,00",ETRS89_UTM32,DE_DHHN2016_NH,DE_AdV_GCG2016_QGH,
3dm_32_377_5624_1_nw,2022-01,5020,2022-01,5020,"4,00",ETRS89_UTM32,DE_DHHN2016_NH,DE_AdV_GCG2016_QGH,
3dm_32_368_5690_1_nw,2020-03,5020,2020-03,5020,"4,00",ETRS89_UTM32,DE_DHHN2016_NH,DE_AdV_GCG2016_QGH,
3dm_32_483_5786_1_nw,2019-03,5020,2019-03,5020,"4,00",ETRS89_UTM32,DE_DHHN2016_NH,DE_AdV_GCG2016_QGH,
3dm_32_362_5641_1_nw,2022-01,5020,2022-01,5020,"4,00",ETRS89_UTM32,DE_DHHN2016_NH,DE_AdV_GCG2016_QGH,
3dm_32_353_5649_1_nw,2022-02,5020,2022-02,5020,"4,00",ETRS89_UTM32,DE_DHHN2016_NH,DE_AdV_GCG2016_QGH,
3dm_32_415_5802_1_nw,2019-02,5020,2019-02,5020,"4,00",ETRS89_UTM32,DE_DHHN2016_NH,DE_AdV_GCG2016_QGH,
3dm_32_309_5675_1_nw,2020-02,5020,2020-02,5020,"4,00",ETRS89_UTM32,DE_DHHN2016_NH,DE_AdV_GCG2016_QGH,
3dm_32_444_5650_1_nw,2021-03,5020,2021-03,5020,"4,00",ETRS89_UTM32,DE_DHHN2016_NH,DE_AdV_GCG2016_QGH,
3dm_32_382_5768_1_nw,2019-02,5020,2019-02,5020,"4,00",ETRS89_UTM32,DE_DHHN2016_NH,DE_AdV_GCG2016_QGH,
3dm_32_471_5664_1_nw,2021-03,5020,2021-03,5020,"4,00",ETRS89_UTM32,DE_DHHN2016_NH,DE_AdV_GCG2016_QGH,
3dm_32_330_5583_1_nw,2022-02,5020,2022-02,5020,"4,00",ETRS89_UTM32,DE_DHHN2016_NH,DE_AdV_GCG2016_QGH,
3dm_32_365_5784_1_nw,2019-12,5020,2019-12,5020,"4,00",ETRS89_UTM32,DE_DHHN2016_NH,DE_AdV_GCG2016_QGH,
3dm_32_477_5726_1_nw,2018-02,5020,2018-02,5020,"4,00",ETRS89_UTM32,DE_DHHN2016_NH,DE_AdV_GCG2016_QGH,
3dm_32_351_5648_1_nw,2022-02,5020,2022-02,5020,"4,00",ETRS89_UTM32,DE_DHHN2016_NH,DE_AdV_GCG2016_QGH,
3dm_32_298_5748_1_nw,2020-01,5020,2020-01,5020,"4,00",ETRS89_UTM32,DE_DHHN2016_NH,DE_AdV_GCG2016_QGH,
3dm_32_401_5730_1_nw,2018-11,5020,2018-11,5020,"4,00",ETRS89_UTM32,DE_DHHN2016_NH,DE_AdV_GCG2016_QGH,
3dm_32_355_5763_1_nw,2019-12,5020,2019-12,5020,"4,00",ETRS89_UTM32,DE_DHHN2016_NH,DE_AdV_GCG2016_QGH,
3dm_32_294_5635_1_nw,2022-02,5020,2022-02,5020,"4,00",ETRS89_UTM32,DE_DHHN2016_NH,DE_AdV_GCG2016_QGH,
3dm_32_293_5660_1_nw,2022-02,5020,2022-02,5020,"4,00",ETRS89_UTM32,DE_DHHN2016_NH,DE_AdV_GCG2016_QGH,
3dm_32_296_5749_1_nw,2020-01,5020,2020-01,5020,"4,00",ETRS89_UTM32,DE_DHHN2016_NH,DE_AdV_GCG2016_QGH,
3dm_32_505_5741_1_nw,2018-03,5020,2018-03,5020,"4,00",ETRS89_UTM32,DE_DHHN2016_NH,DE_AdV_GCG2016_QGH,
3dm_32_372_5754_1_nw,2018-12,5020,2018-12,5020,"4,00",ETRS89_UTM32,DE_DHHN2016_NH,DE_AdV_GCG2016_QGH,
3dm_32_418_5659_1_nw,2021-03,5020,2021-03,5020,"4,00",ETRS89_UTM32,DE_DHHN2016_NH,DE_AdV_GCG2016_QGH,
3dm_32_478_5786_1_nw,2019-04,5020,2019-04,5020,"4,00",ETRS89_UTM32,DE_DHHN2016_NH,DE_AdV_GCG2016_QGH,
3dm_32_463_5723_1_nw,2018-02,5020,2018-02,5020,"4,00",ETRS89_UTM32,DE_DHHN2016_NH,DE_AdV_GCG2016_QGH,
3dm_32_370_5634_1_nw,2022-01,5020,2022-01,5020,"4,00",ETRS89_UTM32,DE_DHHN2016_NH,DE_AdV_GCG2016_QGH,
3dm_32_433_5694_1_nw,2021-02,5020,2021-02,5020,"4,00",ETRS89_UTM32,DE_DHHN2016_NH,DE_AdV_GCG2016_QGH,
3dm_32_410_5632_1_nw,2021-02,5020,2021-02,5020,"4,00",ETRS89_UTM32,DE_DHHN2016_NH,DE_AdV_GCG2016_QGH,
3dm_32_394_5737_1_nw,2018-12,5020,2018-12,5020,"4,00",ETRS89_UTM32,DE_DHHN2016_NH,DE_AdV_GCG2016_QGH,
3dm_32_501_5711_1_nw,2018-03,5020,2018-03,5020,"4,00",ETRS89_UTM32,DE_DHHN2016_NH,DE_AdV_GCG2016_QGH,
3dm_32_393_5631_1_nw,2022-02,5020,2022-02,5020,"4,00",ETRS89_UTM32,DE_DHHN2016_NH,DE_AdV_GCG2016_QGH,
3dm_32_311_5742_1_nw,2020-01,5020,2020-01,5020,"4,00",ETRS89_UTM32,DE_DHHN2016_NH,DE_AdV_GCG2016_QGH,
3dm_32_345_5606_1_nw,2021-12,5020,2021-12,5020,"4,00",ETRS89_UTM32,DE_DHHN2016_NH,DE_AdV_GCG2016_QGH,
3dm_32_410_5692_1_nw,2021-02,5020,2021-02,5020,"4,00",ETRS89_UTM32,DE_DHHN2016_NH,DE_AdV_GCG2016_QGH,
3dm_32_441_5761_1_nw,2019-02,5020,2019-02,5020,"4,00",ETRS89_UTM32,DE_DHHN2016_NH,DE_AdV_GCG2016_QGH,
3dm_32_411_5794_1_nw,2019-02,5020,2019-02,5020,"4,00",ETRS89_UTM32,DE_DHHN2016_NH,DE_AdV_GCG2016_QGH,
3dm_32_360_5719_1_nw,2020-02,5020,2020-02,5020,"4,00",ETRS89_UTM32,DE_DHHN2016_NH,DE_AdV_GCG2016_QGH,
3dm_32_360_5777_1_nw,2019-12,5020,2019-12,5020,"4,00",ETRS89_UTM32,DE_DHHN2016_NH,DE_AdV_GCG2016_QGH,
3dm_32_407_5761_1_nw,2019-01,5020,2019-01,5020,"4,00",ETRS89_UTM32,DE_DHHN2016_NH,DE_AdV_GCG2016_QGH,
3dm_32_497_5798_1_nw,2019-02,5020,2019-02,5020,"4,00",ETRS89_UTM32,DE_DHHN2016_NH,DE_AdV_GCG2016_QGH,
3dm_32_423_5750_1_nw,2019-01,5020,2019-01,5020,"4,00",ETRS89_UTM32,DE_DHHN2016_NH,DE_AdV_GCG2016_QGH,
3dm_32_433_5671_1_nw,2021-03,5020,2021-03,5020,"4,00",ETRS89_UTM32,DE_DHHN2016_NH,DE_AdV_GCG2016_QGH,
3dm_32_485_5744_1_nw,2019-02,5020,2019-02,5020,"4,00",ETRS89_UTM32,DE_DHHN2016_NH,DE_AdV_GCG2016_QGH,
3dm_32_421_5711_1_nw,2018-02,5020,2018-02,5020,"4,00",ETRS89_UTM32,DE_DHHN2016_NH,DE_AdV_GCG2016_QGH,
3dm_32_442_5698_1_nw,2018-02,5020,2018-02,5020,"4,00",ETRS89_UTM32,DE_DHHN2016_NH,DE_AdV_GCG2016_QGH,
3dm_32_399_5721_1_nw,2019-12,5020,2019-12,5020,"4,00",ETRS89_UTM32,DE_DHHN2016_NH,DE_AdV_GCG2016_QGH,
3dm_32_422_5753_1_nw,2019-01,5020,2019-01,5020,"4,00",ETRS89_UTM32,DE_DHHN2016_NH,DE_AdV_GCG2016_QGH,
3dm_32_381_5779_1_nw,2019-02,5020,2019-02,5020,"4,00",ETRS89_UTM32,DE_DHHN2016_NH,DE_AdV_GCG2016_QGH,
3dm_32_495_5720_1_nw,2018-03,5020,2018-03,5020,"4,00",ETRS89_UTM32,DE_DHHN2016_NH,DE_AdV_GCG2016_QGH,
3dm_32_499_5753_1_nw,2019-02,5020,2019-02,5020,"4,00",ETRS89_UTM32,DE_DHHN2016_NH,DE_AdV_GCG2016_QGH,
3dm_32_353_5770_1_nw,2019-12,5020,2019-12,5020,"4,00",ETRS89_UTM32,DE_DHHN2016_NH,DE_AdV_GCG2016_QGH,
3dm_32_506_5707_1_nw,2018-03,5020,2018-03,5020,"4,00",ETRS89_UTM32,DE_DHHN2016_NH,DE_AdV_GCG2016_QGH,
3dm_32_380_5711_1_nw,2019-12,5020,2019-12,5020,"4,00",ETRS89_UTM32,DE_DHHN2016_NH,DE_AdV_GCG2016_QGH,
3dm_32_356_5649_1_nw,2022-02,5020,2022-02,5020,"4,00",ETRS89_UTM32,DE_DHHN2016_NH,DE_AdV_GCG2016_QGH,
3dm_32_357_5684_1_nw,2020-11,5020,2020-11,5020,"4,00",ETRS89_UTM32,DE_DHHN2016_NH,DE_AdV_GCG2016_QGH,
3dm_32_318_5615_1_nw,2022-01,5020,2022-01,5020,"4,00",ETRS89_UTM32,DE_DHHN2016_NH,DE_AdV_GCG2016_QGH,
3dm_32_331_5634_1_nw,2022-02,5020,2022-02,5020,"4,00",ETRS89_UTM32,DE_DHHN2016_NH,DE_AdV_GCG2016_QGH,
3dm_32_306_5681_1_nw,2020-02,5020,2020-02,5020,"4,00",ETRS89_UTM32,DE_DHHN2016_NH,DE_AdV_GCG2016_QGH,
3dm_32_334_5683_1_nw,2022-02,5020,2022-02,5020,"4,00",ETRS89_UTM32,DE_DHHN2016_NH,DE_AdV_GCG2016_QGH,
3dm_32_369_5769_1_nw,2019-11,5020,2019-11,5020,"4,00",ETRS89_UTM32,DE_DHHN2016_NH,DE_AdV_GCG2016_QGH,
3dm_32_379_5628_1_nw,2022-02,5020,2022-02,5020,"4,00",ETRS89_UTM32,DE_DHHN2016_NH,DE_AdV_GCG2016_QGH,
3dm_32_435_5625_1_nw,2021-03,5020,2021-03,5020,"4,00",ETRS89_UTM32,DE_DHHN2016_NH,DE_AdV_GCG2016_QGH,
3dm_32_357_5631_1_nw,2022-02,5020,2022-02,5020,"4,00",ETRS89_UTM32,DE_DHHN2016_NH,DE_AdV_GCG2016_QGH,
3dm_32_477_5792_1_nw,2019-04,5020,2019-04,5020,"4,00",ETRS89_UTM32,DE_DHHN2016_NH,DE_AdV_GCG2016_QGH,
3dm_32_419_5741_1_nw,2019-01,5020,2019-01,5020,"4,00",ETRS89_UTM32,DE_DHHN2016_NH,DE_AdV_GCG2016_QGH,
3dm_32_300_5736_1_nw,2020-01,5020,2020-01,5020,"4,00",ETRS89_UTM32,DE_DHHN2016_NH,DE_AdV_GCG2016_QGH,
3dm_32_437_5723_1_nw,2018-02,5020,2018-02,5020,"4,00",ETRS89_UTM32,DE_DHHN2016_NH,DE_AdV_GCG2016_QGH,
3dm_32_442_5761_1_nw,2019-02,5020,2019-02,5020,"4,00",ETRS89_UTM32,DE_DHHN2016_NH,DE_AdV_GCG2016_QGH,
3dm_32_396_5628_1_nw,2022-02,5020,2022-02,5020,"4,00",ETRS89_UTM32,DE_DHHN2016_NH,DE_AdV_GCG2016_QGH,
3dm_32_378_5672_1_nw,2020-12,5020,2020-12,5020,"4,00",ETRS89_UTM32,DE_DHHN2016_NH,DE_AdV_GCG2016_QGH,
3dm_32_496_5722_1_nw,2018-03,5020,2018-03,5020,"4,00",ETRS89_UTM32,DE_DHHN2016_NH,DE_AdV_GCG2016_QGH,
3dm_32_435_5630_1_nw,2021-03,5020,2021-03,5020,"4,00",ETRS89_UTM32,DE_DHHN2016_NH,DE_AdV_GCG2016_QGH,
3dm_32_359_5752_1_nw,2019-12,5020,2019-12,5020,"4,00",ETRS89_UTM32,DE_DHHN2016_NH,DE_AdV_GCG2016_QGH,
3dm_32_443_5743_1_nw,2019-01,5020,2019-01,5020,"4,00",ETRS89_UTM32,DE_DHHN2016_NH,DE_AdV_GCG2016_QGH,
3dm_32_451_5749_1_nw,2019-01,5020,2019-01,5020,"4,00",ETRS89_UTM32,DE_DHHN2016_NH,DE_AdV_GCG2016_QGH,
3dm_32_372_5708_1_nw,2019-12,5020,2019-12,5020,"4,00",ETRS89_UTM32,DE_DHHN2016_NH,DE_AdV_GCG2016_QGH,
3dm_32_471_5782_1_nw,2019-04,5020,2019-04,5020,"4,00",ETRS89_UTM32,DE_DHHN2016_NH,DE_AdV_GCG2016_QGH,
3dm_32_527_5719_1_nw,2018-03,5020,2018-03,5020,"4,00",ETRS89_UTM32,DE_DHHN2016_NH,DE_AdV_GCG2016_QGH,
3dm_32_348_5747_1_nw,2019-12,5020,2019-12,5020,"4,00",ETRS89_UTM32,DE_DHHN2016_NH,DE_AdV_GCG2016_QGH,
3dm_32_351_5667_1_nw,2022-02,5020,2022-02,5020,"4,00",ETRS89_UTM32,DE_DHHN2016_NH,DE_AdV_GCG2016_QGH,
3dm_32_406_5758_1_nw,2019-01,5020,2019-01,5020,"4,00",ETRS89_UTM32,DE_DHHN2016_NH,DE_AdV_GCG2016_QGH,
3dm_32_376_5737_1_nw,2020-02,5020,2020-02,5020,"4,00",ETRS89_UTM32,DE_DHHN2016_NH,DE_AdV_GCG2016_QGH,
3dm_32_296_5663_1_nw,2022-02,5020,2022-02,5020,"4,00",ETRS89_UTM32,DE_DHHN2016_NH,DE_AdV_GCG2016_QGH,
3dm_32_402_5713_1_nw,2019-12,5020,2019-12,5020,"4,00",ETRS89_UTM32,DE_DHHN2016_NH,DE_AdV_GCG2016_QGH,
3dm_32_362_5639_1_nw,2022-01,5020,2022-01,5020,"4,00",ETRS89_UTM32,DE_DHHN2016_NH,DE_AdV_GCG2016_QGH,
3dm_32_325_5714_1_nw,2020-03,5020,2020-03,5020,"4,00",ETRS89_UTM32,DE_DHHN2016_NH,DE_AdV_GCG2016_QGH,
3dm_32_304_5748_1_nw,2020-01,5020,2020-01,5020,"4,00",ETRS89_UTM32,DE_DHHN2016_NH,DE_AdV_GCG2016_QGH,
3dm_32_442_5693_1_nw,2021-02,5020,2021-02,5020,"4,00",ETRS89_UTM32,DE_DHHN2016_NH,DE_AdV_GCG2016_QGH,
3dm_32_423_5686_1_nw,2021-02,5020,2021-02,5020,"4,00",ETRS89_UTM32,DE_DHHN2016_NH,DE_AdV_GCG2016_QGH,
3dm_32_342_5639_1_nw,2022-02,5020,2022-02,5020,"4,00",ETRS89_UTM32,DE_DHHN2016_NH,DE_AdV_GCG2016_QGH,
3dm_32_298_5660_1_nw,2022-02,5020,2022-02,5020,"4,00",ETRS89_UTM32,DE_DHHN2016_NH,DE_AdV_GCG2016_QGH,
3dm_32_305_5667_1_nw,2022-02,5020,2022-02,5020,"4,00",ETRS89_UTM32,DE_DHHN2016_NH,DE_AdV_GCG2016_QGH,
3dm_32_413_5797_1_nw,2019-02,5020,2019-02,5020,"4,00",ETRS89_UTM32,DE_DHHN2016_NH,DE_AdV_GCG2016_QGH,
3dm_32_344_5687_1_nw,2022-02,5020,2022-02,5020,"4,00",ETRS89_UTM32,DE_DHHN2016_NH,DE_AdV_GCG2016_QGH,
3dm_32_337_5746_1_nw,2020-01,5020,2020-01,5020,"4,00",ETRS89_UTM32,DE_DHHN2016_NH,DE_AdV_GCG2016_QGH,
3dm_32_488_5735_1_nw,2018-01,5020,2018-01,5020,"4,00",ETRS89_UTM32,DE_DHHN2016_NH,DE_AdV_GCG2016_QGH,
3dm_32_450_5703_1_nw,2018-02,5020,2018-02,5020,"4,00",ETRS89_UTM32,DE_DHHN2016_NH,DE_AdV_GCG2016_QGH,
3dm_32_491_5776_1_nw,2019-02,5020,2019-02,5020,"4,00",ETRS89_UTM32,DE_DHHN2016_NH,DE_AdV_GCG2016_QGH,
3dm_32_465_5747_1_nw,2019-02,5020,2019-02,5020,"4,00",ETRS89_UTM32,DE_DHHN2016_NH,DE_AdV_GCG2016_QGH,
3dm_32_462_5794_1_nw,2019-04,5020,2019-04,5020,"4,00",ETRS89_UTM32,DE_DHHN2016_NH,DE_AdV_GCG2016_QGH,
3dm_32_309_5723_1_nw,2020-02,5020,2020-02,5020,"4,00",ETRS89_UTM32,DE_DHHN2016_NH,DE_AdV_GCG2016_QGH,
3dm_32_383_5658_1_nw,2020-12,5020,2020-12,5020,"4,00",ETRS89_UTM32,DE_DHHN2016_NH,DE_AdV_GCG2016_QGH,
3dm_32_294_5737_1_nw,2020-01,5020,2020-01,5020,"4,00",ETRS89_UTM32,DE_DHHN2016_NH,DE_AdV_GCG2016_QGH,
3dm_32_387_5703_1_nw,2019-12,5020,2019-12,5020,"4,00",ETRS89_UTM32,DE_DHHN2016_NH,DE_AdV_GCG2016_QGH,
3dm_32_390_5684_1_nw,2020-02,5020,2020-02,5020,"4,00",ETRS89_UTM32,DE_DHHN2016_NH,DE_AdV_GCG2016_QGH,
3dm_32_464_5747_1_nw,2019-02,5020,2019-02,5020,"4,00",ETRS89_UTM32,DE_DHHN2016_NH,DE_AdV_GCG2016_QGH,
3dm_32_395_5739_1_nw,2018-12,5020,2018-12,5020,"4,00",ETRS89_UTM32,DE_DHHN2016_NH,DE_AdV_GCG2016_QGH,
3dm_32_394_5772_1_nw,2019-02,5020,2019-02,5020,"4,00",ETRS89_UTM32,DE_DHHN2016_NH,DE_AdV_GCG2016_QGH,
3dm_32_412_5749_1_nw,2018-12,5020,2018-12,5020,"4,00",ETRS89_UTM32,DE_DHHN2016_NH,DE_AdV_GCG2016_QGH,
3dm_32_358_5642_1_nw,2022-02,5020,2022-02,5020,"4,00",ETRS89_UTM32,DE_DHHN2016_NH,DE_AdV_GCG2016_QGH,
3dm_32_487_5725_1_nw,2018-01,5020,2018-01,5020,"4,00",ETRS89_UTM32,DE_DHHN2016_NH,DE_AdV_GCG2016_QGH,
3dm_32_420_5683_1_nw,2021-02,5020,2021-02,5020,"4,00",ETRS89_UTM32,DE_DHHN2016_NH,DE_AdV_GCG2016_QGH,
3dm_32_484_5763_1_nw,2019-02,5020,2019-02,5020,"4,00",ETRS89_UTM32,DE_DHHN2016_NH,DE_AdV_GCG2016_QGH,
3dm_32_363_5695_1_nw,2020-03,5020,2020-03,5020,"4,00",ETRS89_UTM32,DE_DHHN2016_NH,DE_AdV_GCG2016_QGH,
3dm_32_340_5723_1_nw,2020-02,5020,2020-02,5020,"4,00",ETRS89_UTM32,DE_DHHN2016_NH,DE_AdV_GCG2016_QGH,
3dm_32_314_5616_1_nw,2022-03,5020,2022-03,5020,"4,00",ETRS89_UTM32,DE_DHHN2016_NH,DE_AdV_GCG2016_QGH,
3dm_32_355_5708_1_nw,2020-03,5020,2020-03,5020,"4,00",ETRS89_UTM32,DE_DHHN2016_NH,DE_AdV_GCG2016_QGH,
3dm_32_436_5727_1_nw,2018-01,5020,2018-01,5020,"4,00",ETRS89_UTM32,DE_DHHN2016_NH,DE_AdV_GCG2016_QGH,
3dm_32_475_5665_1_nw,2021-03,5020,2021-03,5020,"4,00",ETRS89_UTM32,DE_DHHN2016_NH,DE_AdV_GCG2016_QGH,
3dm_32_307_5625_1_nw,2022-03,5020,2022-03,5020,"4,00",ETRS89_UTM32,DE_DHHN2016_NH,DE_AdV_GCG2016_QGH,
3dm_32_452_5714_1_nw,2018-02,5020,2018-02,5020,"4,00",ETRS89_UTM32,DE_DHHN2016_NH,DE_AdV_GCG2016_QGH,
3dm_32_395_5634_1_nw,2021-02,5020,2021-02,5020,"4,00",ETRS89_UTM32,DE_DHHN2016_NH,DE_AdV_GCG2016_QGH,
3dm_32_388_5757_1_nw,2018-12,5020,2018-12,5020,"4,00",ETRS89_UTM32,DE_DHHN2016_NH,DE_AdV_GCG2016_QGH,
3dm_32_353_5755_1_nw,2019-12,5020,2019-12,5020,"4,00",ETRS89_UTM32,DE_DHHN2016_NH,DE_AdV_GCG2016_QGH,
3dm_32_329_5710_1_nw,2020-03,5020,2020-03,5020,"4,00",ETRS89_UTM32,DE_DHHN2016_NH,DE_AdV_GCG2016_QGH,
3dm_32_482_5781_1_nw,2019-03,5020,2019-03,5020,"4,00",ETRS89_UTM32,DE_DHHN2016_NH,DE_AdV_GCG2016_QGH,
3dm_32_346_5608_1_nw,2021-12,5020,2021-12,5020,"4,00",ETRS89_UTM32,DE_DHHN2016_NH,DE_AdV_GCG2016_QGH,
3dm_32_489_5794_1_nw,2019-03,5020,2019-03,5020,"4,00",ETRS89_UTM32,DE_DHHN2016_NH,DE_AdV_GCG2016_QGH,
3dm_32_387_5793_1_nw,2019-02,5020,2019-02,5020,"4,00",ETRS89_UTM32,DE_DHHN2016_NH,DE_AdV_GCG2016_QGH,
3dm_32_435_5700_1_nw,2020-11,5020,2020-11,5020,"4,00",ETRS89_UTM32,DE_DHHN2016_NH,DE_AdV_GCG2016_QGH,
3dm_32_477_5724_1_nw,2018-02,5020,2018-02,5020,"4,00",ETRS89_UTM32,DE_DHHN2016_NH,DE_AdV_GCG2016_QGH,
3dm_32_407_5774_1_nw,2019-02,5020,2019-02,5020,"4,00",ETRS89_UTM32,DE_DHHN2016_NH,DE_AdV_GCG2016_QGH,
3dm_32_379_5653_1_nw,2020-12,5020,2020-12,5020,"4,00",ETRS89_UTM32,DE_DHHN2016_NH,DE_AdV_GCG2016_QGH,
3dm_32_314_5666_1_nw,2022-02,5020,2022-02,5020,"4,00",ETRS89_UTM32,DE_DHHN2016_NH,DE_AdV_GCG2016_QGH,
3dm_32_322_5734_1_nw,2020-02,5020,2020-02,5020,"4,00",ETRS89_UTM32,DE_DHHN2016_NH,DE_AdV_GCG2016_QGH,
3dm_32_436_5664_1_nw,2021-03,5020,2021-03,5020,"4,00",ETRS89_UTM32,DE_DHHN2016_NH,DE_AdV_GCG2016_QGH,
3dm_32_341_5586_1_nw,2022-02,5020,2022-02,5020,"4,00",ETRS89_UTM32,DE_DHHN2016_NH,DE_AdV_GCG2016_QGH,
3dm_32_437_5733_1_nw,2019-01,5020,2019-01,5020,"4,00",ETRS89_UTM32,DE_DHHN2016_NH,DE_AdV_GCG2016_QGH,
3dm_32_373_5614_1_nw,2021-12,5020,2021-12,5020,"4,00",ETRS89_UTM32,DE_DHHN2016_NH,DE_AdV_GCG2016_QGH,
3dm_32_378_5707_1_nw,2019-12,5020,2019-12,5020,"4,00",ETRS89_UTM32,DE_DHHN2016_NH,DE_AdV_GCG2016_QGH,
3dm_32_431_5623_1_nw,2021-03,5020,2021-03,5020,"4,00",ETRS89_UTM32,DE_DHHN2016_NH,DE_AdV_GCG2016_QGH,
3dm_32_467_5741_1_nw,2019-02,5020,2019-02,5020,"4,00",ETRS89_UTM32,DE_DHHN2016_NH,DE_AdV_GCG2016_QGH,
3dm_32_501_5753_1_nw,2019-02,5020,2019-02,5020,"4,00",ETRS89_UTM32,DE_DHHN2016_NH,DE_AdV_GCG2016_QGH,
3dm_32_410_5648_1_nw,2021-02,5020,2021-02,5020,"4,00",ETRS89_UTM32,DE_DHHN2016_NH,DE_AdV_GCG2016_QGH,
3dm_32_450_5730_1_nw,2019-01,5020,2019-01,5020,"4,00",ETRS89_UTM32,DE_DHHN2016_NH,DE_AdV_GCG2016_QGH,
3dm_32_460_5771_1_nw,2019-02,5020,2019-02,5020,"4,00",ETRS89_UTM32,DE_DHHN2016_NH,DE_AdV_GCG2016_QGH,
3dm_32_321_5617_1_nw,2022-02,5020,2022-02,5020,"4,00",ETRS89_UTM32,DE_DHHN2016_NH,DE_AdV_GCG2016_QGH,
3dm_32_432_5648_1_nw,2021-03,5020,2021-03,5020,"4,00",ETRS89_UTM32,DE_DHHN2016_NH,DE_AdV_GCG2016_QGH,
3dm_32_308_5711_1_nw,2020-02,5020,2020-02,5020,"4,00",ETRS89_UTM32,DE_DHHN2016_NH,DE_AdV_GCG2016_QGH,
3dm_32_519_5741_1_nw,2018-03,5020,2018-03,5020,"4,00",ETRS89_UTM32,DE_DHHN2016_NH,DE_AdV_GCG2016_QGH,
3dm_32_435_5764_1_nw,2019-02,5020,2019-02,5020,"4,00",ETRS89_UTM32,DE_DHHN2016_NH,DE_AdV_GCG2016_QGH,
3dm_32_528_5719_1_nw,2018-03,5020,2018-03,5020,"4,00",ETRS89_UTM32,DE_DHHN2016_NH,DE_AdV_GCG2016_QGH,
3dm_32_392_5661_1_nw,2021-02,5020,2021-02,5020,"4,00",ETRS89_UTM32,DE_DHHN2016_NH,DE_AdV_GCG2016_QGH,
3dm_32_415_5717_1_nw,2019-12,5020,2019-12,5020,"4,00",ETRS89_UTM32,DE_DHHN2016_NH,DE_AdV_GCG2016_QGH,
3dm_32_425_5800_1_nw,2019-02,5020,2019-02,5020,"4,00",ETRS89_UTM32,DE_DHHN2016_NH,DE_AdV_GCG2016_QGH,
3dm_32_472_5689_1_nw,2021-03,5020,2021-03,5020,"4,00",ETRS89_UTM32,DE_DHHN2016_NH,DE_AdV_GCG2016_QGH,
3dm_32_384_5628_1_nw,2022-02,5020,2022-02,5020,"4,00",ETRS89_UTM32,DE_DHHN2016_NH,DE_AdV_GCG2016_QGH,
3dm_32_319_5728_1_nw,2020-02,5020,2020-02,5020,"4,00",ETRS89_UTM32,DE_DHHN2016_NH,DE_AdV_GCG2016_QGH,
3dm_32_449_5667_1_nw,2021-03,5020,2021-03,5020,"4,00",ETRS89_UTM32,DE_DHHN2016_NH,DE_AdV_GCG2016_QGH,
3dm_32_356_5730_1_nw,2019-12,5020,2019-12,5020,"4,00",ETRS89_UTM32,DE_DHHN2016_NH,DE_AdV_GCG2016_QGH,
3dm_32_334_5697_1_nw,2020-03,5020,2020-03,5020,"4,00",ETRS89_UTM32,DE_DHHN2016_NH,DE_AdV_GCG2016_QGH,
3dm_32_389_5787_1_nw,2019-02,5020,2019-02,5020,"4,00",ETRS89_UTM32,DE_DHHN2016_NH,DE_AdV_GCG2016_QGH,
3dm_32_371_5753_1_nw,2018-12,5020,2018-12,5020,"4,00",ETRS89_UTM32,DE_DHHN2016_NH,DE_AdV_GCG2016_QGH,
3dm_32_303_5619_1_nw,2022-03,5020,2022-03,5020,"4,00",ETRS89_UTM32,DE_DHHN2016_NH,DE_AdV_GCG2016_QGH,
3dm_32_322_5596_1_nw,2021-12,5020,2021-12,5020,"4,00",ETRS89_UTM32,DE_DHHN2016_NH,DE_AdV_GCG2016_QGH,
3dm_32_327_5711_1_nw,2020-03,5020,2020-03,5020,"4,00",ETRS89_UTM32,DE_DHHN2016_NH,DE_AdV_GCG2016_QGH,
3dm_32_314_5705_1_nw,2020-03,5020,2020-03,5020,"4,00",ETRS89_UTM32,DE_DHHN2016_NH,DE_AdV_GCG2016_QGH,
3dm_32_298_5751_1_nw,2020-01,5020,2020-01,5020,"4,00",ETRS89_UTM32,DE_DHHN2016_NH,DE_AdV_GCG2016_QGH,
3dm_32_489_5702_1_nw,2018-03,5020,2018-03,5020,"4,00",ETRS89_UTM32,DE_DHHN2016_NH,DE_AdV_GCG2016_QGH,
3dm_32_361_5753_1_nw,2019-12,5020,2019-12,5020,"4,00",ETRS89_UTM32,DE_DHHN2016_NH,DE_AdV_GCG2016_QGH,
3dm_32_463_5771_1_nw,2019-02,5020,2019-02,5020,"4,00",ETRS89_UTM32,DE_DHHN2016_NH,DE_AdV_GCG2016_QGH,
3dm_32_446_5703_1_nw,2018-02,5020,2018-02,5020,"4,00",ETRS89_UTM32,DE_DHHN2016_NH,DE_AdV_GCG2016_QGH,
3dm_32_426_5769_1_nw,2019-02,5020,2019-02,5020,"4,00",ETRS89_UTM32,DE_DHHN2016_NH,DE_AdV_GCG2016_QGH,
3dm_32_407_5630_1_nw,2022-02,5020,2022-02,5020,"4,00",ETRS89_UTM32,DE_DHHN2016_NH,DE_AdV_GCG2016_QGH,
3dm_32_402_5706_1_nw,2019-12,5020,2019-12,5020,"4,00",ETRS89_UTM32,DE_DHHN2016_NH,DE_AdV_GCG2016_QGH,
3dm_32_422_5652_1_nw,2021-03,5020,2021-03,5020,"4,00",ETRS89_UTM32,DE_DHHN2016_NH,DE_AdV_GCG2016_QGH,
3dm_32_403_5779_1_nw,2019-02,5020,2019-02,5020,"4,00",ETRS89_UTM32,DE_DHHN2016_NH,DE_AdV_GCG2016_QGH,
3dm_32_422_5766_1_nw,2019-02,5020,2019-02,5020,"4,00",ETRS89_UTM32,DE_DHHN2016_NH,DE_AdV_GCG2016_QGH,
3dm_32_383_5665_1_nw,2020-12,5020,2020-12,5020,"4,00",ETRS89_UTM32,DE_DHHN2016_NH,DE_AdV_GCG2016_QGH,
3dm_32_409_5686_1_nw,2021-02,5020,2021-02,5020,"4,00",ETRS89_UTM32,DE_DHHN2016_NH,DE_AdV_GCG2016_QGH,
3dm_32_413_5788_1_nw,2019-02,5020,2019-02,5020,"4,00",ETRS89_UTM32,DE_DHHN2016_NH,DE_AdV_GCG2016_QGH,
3dm_32_475_5746_1_nw,2019-02,5020,2019-02,5020,"4,00",ETRS89_UTM32,DE_DHHN2016_NH,DE_AdV_GCG2016_QGH,
3dm_32_362_5748_1_nw,2019-12,5020,2019-12,5020,"4,00",ETRS89_UTM32,DE_DHHN2016_NH,DE_AdV_GCG2016_QGH,
3dm_32_502_5715_1_nw,2018-03,5020,2018-03,5020,"4,00",ETRS89_UTM32,DE_DHHN2016_NH,DE_AdV_GCG2016_QGH,
3dm_32_309_5670_1_nw,2022-02,5020,2022-02,5020,"4,00",ETRS89_UTM32,DE_DHHN2016_NH,DE_AdV_GCG2016_QGH,
3dm_32_414_5655_1_nw,2021-02,5020,2021-02,5020,"4,00",ETRS89_UTM32,DE_DHHN2016_NH,DE_AdV_GCG2016_QGH,
3dm_32_397_5729_1_nw,2020-02,5020,2020-02,5020,"4,00",ETRS89_UTM32,DE_DHHN2016_NH,DE_AdV_GCG2016_QGH,
3dm_32_407_5645_1_nw,2021-02,5020,2021-02,5020,"4,00",ETRS89_UTM32,DE_DHHN2016_NH,DE_AdV_GCG2016_QGH,
3dm_32_479_5782_1_nw,2019-04,5020,2019-04,5020,"4,00",ETRS89_UTM32,DE_DHHN2016_NH,DE_AdV_GCG2016_QGH,
3dm_32_438_5623_1_nw,2021-03,5020,2021-03,5020,"4,00",ETRS89_UTM32,DE_DHHN2016_NH,DE_AdV_GCG2016_QGH,
3dm_32_506_5706_1_nw,2018-03,5020,2018-03,5020,"4,00",ETRS89_UTM32,DE_DHHN2016_NH,DE_AdV_GCG2016_QGH,
3dm_32_393_5728_1_nw,2020-02,5020,2020-02,5020,"4,00",ETRS89_UTM32,DE_DHHN2016_NH,DE_AdV_GCG2016_QGH,
3dm_32_438_5630_1_nw,2021-03,5020,2021-03,5020,"4,00",ETRS89_UTM32,DE_DHHN2016_NH,DE_AdV_GCG2016_QGH,
3dm_32_383_5664_1_nw,2020-12,5020,2020-12,5020,"4,00",ETRS89_UTM32,DE_DHHN2016_NH,DE_AdV_GCG2016_QGH,
3dm_32_412_5797_1_nw,2019-02,5020,2019-02,5020,"4,00",ETRS89_UTM32,DE_DHHN2016_NH,DE_AdV_GCG2016_QGH,
3dm_32_466_5741_1_nw,2019-02,5020,2019-02,5020,"4,00",ETRS89_UTM32,DE_DHHN2016_NH,DE_AdV_GCG2016_QGH,
3dm_32_419_5673_1_nw,2021-03,5020,2021-03,5020,"4,00",ETRS89_UTM32,DE_DHHN2016_NH,DE_AdV_GCG2016_QGH,
3dm_32_440_5622_1_nw,2021-03,5020,2021-03,5020,"4,00",ETRS89_UTM32,DE_DHHN2016_NH,DE_AdV_GCG2016_QGH,
3dm_32_388_5743_1_nw,2018-12,5020,2018-12,5020,"4,00",ETRS89_UTM32,DE_DHHN2016_NH,DE_AdV_GCG2016_QGH,
3dm_32_458_5706_1_nw,2018-02,5020,2018-02,5020,"4,00",ETRS89_UTM32,DE_DHHN2016_NH,DE_AdV_GCG2016_QGH,
3dm_32_468_5763_1_nw,2019-02,5020,2019-02,5020,"4,00",ETRS89_UTM32,DE_DHHN2016_NH,DE_AdV_GCG2016_QGH,
3dm_32_333_5628_1_nw,2022-02,5020,2022-02,5020,"4,00",ETRS89_UTM32,DE_DHHN2016_NH,DE_AdV_GCG2016_QGH,
3dm_32_434_5722_1_nw,2018-02,5020,2018-02,5020,"4,00",ETRS89_UTM32,DE_DHHN2016_NH,DE_AdV_GCG2016_QGH,
3dm_32_353_5641_1_nw,2022-01,5020,2022-01,5020,"4,00",ETRS89_UTM32,DE_DHHN2016_NH,DE_AdV_GCG2016_QGH,
3dm_32_319_5700_1_nw,2020-03,5020,2020-03,5020,"4,00",ETRS89_UTM32,DE_DHHN2016_NH,DE_AdV_GCG2016_QGH,
3dm_32_357_5664_1_nw,2020-11,5020,2020-11,5020,"4,00",ETRS89_UTM32,DE_DHHN2016_NH,DE_AdV_GCG2016_QGH,
3dm_32_341_5663_1_nw,2022-02,5020,2022-02,5020,"4,00",ETRS89_UTM32,DE_DHHN2016_NH,DE_AdV_GCG2016_QGH,
3dm_32_334_5616_1_nw,2022-02,5020,2022-02,5020,"4,00",ETRS89_UTM32,DE_DHHN2016_NH,DE_AdV_GCG2016_QGH,
3dm_32_529_5719_1_nw,2018-03,5020,2018-03,5020,"4,00",ETRS89_UTM32,DE_DHHN2016_NH,DE_AdV_GCG2016_QGH,
3dm_32_416_5729_1_nw,2019-12,5020,2019-12,5020,"4,00",ETRS89_UTM32,DE_DHHN2016_NH,DE_AdV_GCG2016_QGH,
3dm_32_307_5747_1_nw,2020-01,5020,2020-01,5020,"4,00",ETRS89_UTM32,DE_DHHN2016_NH,DE_AdV_GCG2016_QGH,
3dm_32_503_5749_1_nw,2019-02,5020,2019-02,5020,"4,00",ETRS89_UTM32,DE_DHHN2016_NH,DE_AdV_GCG2016_QGH,
3dm_32_384_5629_1_nw,2022-02,5020,2022-02,5020,"4,00",ETRS89_UTM32,DE_DHHN2016_NH,DE_AdV_GCG2016_QGH,
3dm_32_363_5646_1_nw,2022-02,5020,2022-02,5020,"4,00",ETRS89_UTM32,DE_DHHN2016_NH,DE_AdV_GCG2016_QGH,
3dm_32_455_5636_1_nw,2021-03,5020,2021-03,5020,"4,00",ETRS89_UTM32,DE_DHHN2016_NH,DE_AdV_GCG2016_QGH,
3dm_32_414_5710_1_nw,2019-12,5020,2019-12,5020,"4,00",ETRS89_UTM32,DE_DHHN2016_NH,DE_AdV_GCG2016_QGH,
3dm_32_500_5733_1_nw,2018-03,5020,2018-03,5020,"4,00",ETRS89_UTM32,DE_DHHN2016_NH,DE_AdV_GCG2016_QGH,
3dm_32_405_5721_1_nw,2019-12,5020,2019-12,5020,"4,00",ETRS89_UTM32,DE_DHHN2016_NH,DE_AdV_GCG2016_QGH,
3dm_32_417_5752_1_nw,2019-01,5020,2019-01,5020,"4,00",ETRS89_UTM32,DE_DHHN2016_NH,DE_AdV_GCG2016_QGH,
3dm_32_410_5645_1_nw,2021-02,5020,2021-02,5020,"4,00",ETRS89_UTM32,DE_DHHN2016_NH,DE_AdV_GCG2016_QGH,
3dm_32_475_5674_1_nw,2021-03,5020,2021-03,5020,"4,00",ETRS89_UTM32,DE_DHHN2016_NH,DE_AdV_GCG2016_QGH,
3dm_32_312_5682_1_nw,2020-02,5020,2020-02,5020,"4,00",ETRS89_UTM32,DE_DHHN2016_NH,DE_AdV_GCG2016_QGH,
3dm_32_471_5750_1_nw,2019-02,5020,2019-02,5020,"4,00",ETRS89_UTM32,DE_DHHN2016_NH,DE_AdV_GCG2016_QGH,
3dm_32_403_5767_1_nw,2019-02,5020,2019-02,5020,"4,00",ETRS89_UTM32,DE_DHHN2016_NH,DE_AdV_GCG2016_QGH,
3dm_32_329_5749_1_nw,2020-01,5020,2020-01,5020,"4,00",ETRS89_UTM32,DE_DHHN2016_NH,DE_AdV_GCG2016_QGH,
3dm_32_381_5630_1_nw,2022-02,5020,2022-02,5020,"4,00",ETRS89_UTM32,DE_DHHN2016_NH,DE_AdV_GCG2016_QGH,
3dm_32_482_5706_1_nw,2018-02,5020,2018-02,5020,"4,00",ETRS89_UTM32,DE_DHHN2016_NH,DE_AdV_GCG2016_QGH,
3dm_32_414_5749_1_nw,2018-12,5020,2018-12,5020,"4,00",ETRS89_UTM32,DE_DHHN2016_NH,DE_AdV_GCG2016_QGH,
3dm_32_469_5714_1_nw,2018-02,5020,2018-02,5020,"4,00",ETRS89_UTM32,DE_DHHN2016_NH,DE_AdV_GCG2016_QGH,
3dm_32_302_5691_1_nw,2020-02,5020,2020-02,5020,"4,00",ETRS89_UTM32,DE_DHHN2016_NH,DE_AdV_GCG2016_QGH,
3dm_32_335_5748_1_nw,2020-01,5020,2020-01,5020,"4,00",ETRS89_UTM32,DE_DHHN2016_NH,DE_AdV_GCG2016_QGH,
3dm_32_307_5717_1_nw,2020-03,5020,2020-03,5020,"4,00",ETRS89_UTM32,DE_DHHN2016_NH,DE_AdV_GCG2016_QGH,
3dm_32_432_5634_1_nw,2021-03,5020,2021-03,5020,"4,00",ETRS89_UTM32,DE_DHHN2016_NH,DE_AdV_GCG2016_QGH,
3dm_32_446_5744_1_nw,2019-01,5020,2019-01,5020,"4,00",ETRS89_UTM32,DE_DHHN2016_NH,DE_AdV_GCG2016_QGH,
